condition,round_number,n,ogs,pass_rate,assertive_rate
C1,1,210,0.0,0.38571428571428573,0.0
C2,1,210,0.0,0.4095238095238095,0.0
C3,1,210,0.0,0.4095238095238095,0.0
